{"name":"Usuario","identifier":"8ESGPENKBP","description":null,"slotTypeValues":[{"synonyms":null,"sampleValue":{"value":"usuario1"}},{"synonyms":null,"sampleValue":{"value":"usuario2"}},{"synonyms":null,"sampleValue":{"value":"angel303"}},{"synonyms":null,"sampleValue":{"value":"Angelgtr3"}},{"synonyms":null,"sampleValue":{"value":"Pablo13"}},{"synonyms":null,"sampleValue":{"value":"SDdsl112"}},{"synonyms":null,"sampleValue":{"value":"fa231"}},{"synonyms":null,"sampleValue":{"value":"Danny123"}},{"synonyms":null,"sampleValue":{"value":"PeosPP3a"}},{"synonyms":null,"sampleValue":{"value":"Usuaurio"}},{"synonyms":null,"sampleValue":{"value":"geovany"}}],"parentSlotTypeSignature":null,"valueSelectionSetting":{"resolutionStrategy":"ORIGINAL_VALUE","regexFilter":null}}