{"name":"Categoria","identifier":"BXPLX65UFB","description":null,"slotTypeValues":[{"synonyms":null,"sampleValue":{"value":"Física"}},{"synonyms":null,"sampleValue":{"value":"Matemáticas"}},{"synonyms":null,"sampleValue":{"value":"Ciencias Naturales"}},{"synonyms":null,"sampleValue":{"value":"Lenguaje y Literatura"}},{"synonyms":null,"sampleValue":{"value":"Historia y Ciencias Sociales"}},{"synonyms":null,"sampleValue":{"value":"Tecnología Educativa"}},{"synonyms":null,"sampleValue":{"value":"Arte y Música"}},{"synonyms":null,"sampleValue":{"value":"Educación Física y Salud"}},{"synonyms":null,"sampleValue":{"value":"Idiomas"}},{"synonyms":null,"sampleValue":{"value":"Educación Ambiental y Sostenibilidad"}}],"parentSlotTypeSignature":null,"valueSelectionSetting":{"resolutionStrategy":"ORIGINAL_VALUE","regexFilter":null}}